{"text": " J\u00e4ttebra, jag k\u00e4nner mig n\u00f6jd med QDQ hemsidan nu. Jag kommer \u00e5terkomma med feedback f\u00f6r den i morgon. Men n\u00e5gonting jag vill att vi ska g\u00f6ra nu, jag vill att vi ska g\u00e5 igenom hela v\u00e5ra nya syns nu hemsida som vi h\u00e5ller p\u00e5 att bygga i Vercel. Och egentligen g\u00e5 igenom om allting i sidan fungerar som det ska s\u00e5 att om jag deployar sidan idag s\u00e5 fungerar alla formul\u00e4rer, all info st\u00e4mmer och s\u00e5. Om vi \u00e4ven kan dubbelkolla det j\u00e4mf\u00f6rt med v\u00e5ra riktiga synsnummedia hemsida p\u00e5 synsnummedia.se och kolla alla sidor som vi har d\u00e4r idag och kolla p\u00e5 vad vi saknar p\u00e5 den nya hemsidan s\u00e5 att vi kan deploya den nya sidan idag.", "segments": [{"id": 0, "seek": 0, "start": 0.0, "end": 5.68, "text": " J\u00e4ttebra, jag k\u00e4nner mig n\u00f6jd med QDQ hemsidan nu. Jag kommer \u00e5terkomma med feedback f\u00f6r den i morgon.", "tokens": [50364, 508, 34229, 6198, 11, 6368, 350, 24403, 6186, 297, 973, 37109, 1205, 1249, 35, 48, 415, 2592, 31675, 3822, 13, 9014, 12589, 8841, 391, 74, 30243, 1205, 5824, 4816, 1441, 741, 1896, 10660, 13, 50648], "temperature": 0.0, "avg_logprob": -0.2540521470327226, "compression_ratio": 1.6220472440944882, "no_speech_prob": 0.2378498911857605}, {"id": 1, "seek": 0, "start": 5.68, "end": 13.68, "text": " Men n\u00e5gonting jag vill att vi ska g\u00f6ra nu, jag vill att vi ska g\u00e5 igenom hela v\u00e5ra nya syns nu hemsida som vi h\u00e5ller p\u00e5 att bygga i Vercel.", "tokens": [50648, 6685, 43998, 6368, 4284, 951, 1932, 9958, 20541, 3822, 11, 6368, 4284, 951, 1932, 9958, 22098, 31305, 298, 30158, 41042, 24450, 943, 3695, 3822, 415, 2592, 2887, 3307, 1932, 24367, 4658, 4170, 951, 538, 33462, 741, 691, 2869, 338, 13, 51048], "temperature": 0.0, "avg_logprob": -0.2540521470327226, "compression_ratio": 1.6220472440944882, "no_speech_prob": 0.2378498911857605}, {"id": 2, "seek": 0, "start": 13.68, "end": 23.28, "text": " Och egentligen g\u00e5 igenom om allting i sidan fungerar som det ska s\u00e5 att om jag deployar sidan idag s\u00e5 fungerar alla formul\u00e4rer, all info st\u00e4mmer och s\u00e5.", "tokens": [51048, 13128, 41170, 35158, 22098, 31305, 298, 3406, 439, 783, 741, 20822, 282, 1019, 1321, 289, 3307, 1141, 9958, 4719, 951, 3406, 6368, 7274, 289, 20822, 282, 43334, 4719, 1019, 1321, 289, 11591, 49990, 2713, 260, 11, 439, 13614, 342, 9559, 936, 3795, 4719, 13, 51528], "temperature": 0.0, "avg_logprob": -0.2540521470327226, "compression_ratio": 1.6220472440944882, "no_speech_prob": 0.2378498911857605}, {"id": 3, "seek": 2328, "start": 23.28, "end": 39.2, "text": " Om vi \u00e4ven kan dubbelkolla det j\u00e4mf\u00f6rt med v\u00e5ra riktiga synsnummedia hemsida p\u00e5 synsnummedia.se och kolla alla sidor som vi har d\u00e4r idag och kolla p\u00e5 vad vi saknar p\u00e5 den nya hemsidan s\u00e5 att vi kan deploya den nya sidan idag.", "tokens": [50404, 9757, 1932, 32669, 4608, 18540, 5390, 74, 27160, 1141, 361, 9559, 69, 11454, 1205, 41042, 38420, 9900, 943, 3695, 77, 449, 1912, 654, 415, 2592, 2887, 4170, 943, 3695, 77, 449, 1912, 654, 13, 405, 3795, 350, 27160, 11591, 20822, 284, 3307, 1932, 2233, 12976, 43334, 3795, 350, 27160, 4170, 16684, 1932, 23366, 20062, 4170, 1441, 24450, 415, 2592, 31675, 4719, 951, 1932, 4608, 7274, 64, 1441, 24450, 20822, 282, 43334, 13, 51160], "temperature": 0.0, "avg_logprob": -0.1908458964029948, "compression_ratio": 1.5394736842105263, "no_speech_prob": 0.5433769226074219}], "language": "sv"}