{"text": " Bra, men kan vi ha med alla loggorna f\u00f6r Friskv\u00e5rdsf\u00f6retagen i pop-up-en som kommer upp efter tv\u00e5 sekunder s\u00e5 att man ser lite tydligare? Alla loggorna hittar du ocks\u00e5 p\u00e5 den gamla sidan n\u00e4r det kommer till Friskv\u00e5rd ocks\u00e5.", "segments": [{"id": 0, "seek": 0, "start": 0.0, "end": 9.28, "text": " Bra, men kan vi ha med alla loggorna f\u00f6r Friskv\u00e5rdsf\u00f6retagen i pop-up-en som kommer upp efter tv\u00e5 sekunder s\u00e5 att man ser lite tydligare?", "tokens": [50364, 4991, 11, 1706, 4608, 1932, 324, 1205, 11591, 3565, 26465, 629, 4816, 1526, 7797, 85, 6057, 16063, 49323, 1505, 4698, 741, 1665, 12, 1010, 12, 268, 3307, 12589, 11775, 24827, 34600, 17215, 6617, 4719, 951, 587, 816, 15100, 1104, 67, 5073, 543, 30, 50828], "temperature": 0.0, "avg_logprob": -0.27457880655924477, "compression_ratio": 1.4472049689440993, "no_speech_prob": 0.013967336155474186}, {"id": 1, "seek": 0, "start": 9.28, "end": 15.88, "text": " Alla loggorna hittar du ocks\u00e5 p\u00e5 den gamla sidan n\u00e4r det kommer till Friskv\u00e5rd ocks\u00e5.", "tokens": [50828, 1057, 64, 3565, 26465, 629, 276, 593, 289, 1581, 13312, 4170, 1441, 8019, 875, 20822, 282, 15457, 1141, 12589, 4288, 1526, 7797, 85, 6057, 67, 13312, 13, 51158], "temperature": 0.0, "avg_logprob": -0.27457880655924477, "compression_ratio": 1.4472049689440993, "no_speech_prob": 0.013967336155474186}], "language": "sv"}